﻿<genxml>
  <files />
  <hidden>
    <index>99</index>
  </hidden>
  <textbox>
    <ctrl>
      <![CDATA[nbrightpaypalpayment]]>
    </ctrl>
    <name>
      <![CDATA[PayPal Payment]]>
    </name>
    <icon>
      <![CDATA[]]>
    </icon>
    <group>
      <![CDATA[Admin]]>
    </group>
    <path>
      <![CDATA[/DesktopModules/NBright/NBrightPayPal/Payment.ascx]]>
    </path>
    <help>
      <![CDATA[]]>
    </help>
    <roles>
      <![CDATA[Aministrators]]>
    </roles>
    <description>
      <![CDATA[]]>
    </description>
    <assembly>
      <![CDATA[NBrightPayPalPaymentProvider]]>
    </assembly>
    <namespaceclass>
      <![CDATA[Nevoweb.DNN.NBrightBuyPayPal.NBrightPayPalPaymentProvider]]>
    </namespaceclass>
  </textbox>
  <checkbox>
    <hidden>
      <![CDATA[False]]>
    </hidden>
    <active>
      <![CDATA[True]]>
    </active>
  </checkbox>
  <dropdownlist>
    <providertype selectedtext="Payments">
      <![CDATA[07]]>
    </providertype>
  </dropdownlist>
  <checkboxlist />
  <radiobuttonlist />
</genxml>
